{
  "shared_item_grid": {
    "type": "itemgrid",
    "h_alignment": "center",
    "item_margin": "4,3",
    "width": 218,
    "rows": [
      [ "kraid", "charge", "heatshield", "morph", "hijump" ],
      [ "phantoon", "ice", "varia", "bomb", "doublejump" ],
      [ "draygon", "wave", "pressurevalve", "spring", "space" ],
      [ "ridley", "spazer", "gravity", "screw", "speed" ],
      [ "", "plasma", "xray", "grapple", "" ]
    ]
  },
  "tracker_default": {
    "type": "container",
    "background": "#000000",
    "h_alignment": "left",
    "width": 218,
    "content": {
      "type": "layout",
      "dropshadow": false,
      "margin": 1,
      "key": "shared_item_grid"
    }
  }
}
