{
  "tracker_broadcast": {
    "type": "array",
    "orientation": "vertical",
    "margin": "0,0",
    "content": [
      {
        "type": "array",
        "orientation": "horizontal",
        "margin": "0,0",
        "content": [
          {
            "type": "itemgrid",
            "item_margin": "6,1",
            "h_alignment": "left",
            "item_size": 48,
            "rows": [
              [ "kraid", "charge", "heatshield", "morph", "hijump" ],
              [ "phantoon", "ice", "varia", "bomb", "doublejump" ],
              [ "draygon", "wave", "pressurevalve", "spring", "space" ],
              [ "ridley", "spazer", "gravity", "screw", "speed" ],
              [ "", "plasma", "xray", "grapple", "" ]
            ]
          }
        ]
      }
    ]
  }
}
