{
  "shared_item_grid": {
    "type": "itemgrid",
    "h_alignment": "center",
    "item_margin": "4,3",
    "width": 218,
    "rows": [
      [ "kraid", "chargebeam", "varia", "morph", "hijump" ],
      [ "phantoon", "ice", "gravity", "bomb", "space" ],
      [ "draygon", "wave", "screw", "spring", "speed" ],
      [ "ridley", "spazer", "grapple", "etank_chozo", "reservetank_chozo" ],
      [ "xray", "plasma", "missile_chozo", "supermissile_chozo", "powerbomb_icon_chozo"]
    ]
  },
  "tracker_default": {
    "type": "container",
    "background": "#000000",
    "h_alignment": "left",
    "width": 218,
    "content": {
      "type": "layout",
      "dropshadow": false,
      "margin": 1,
      "key": "shared_item_grid"
    }
  }
}
